<?xml version="1.0" encoding="utf-8"?>
<manifest xmlns:android="http://schemas.android.com/apk/res/android"
    package="com.example.firstandroid">

    <uses-permission android:name="android.permission.GET_TASKS" />
    <uses-permission android:name="android.permission.REQUEST_DELETE_PACKAGES" />
    <application
        android:allowBackup="true"
        android:icon="@mipmap/ic_launcher"
        android:label="@string/app_name"
        android:roundIcon="@mipmap/ic_launcher_round"
        android:supportsRtl="true"
        android:theme="@style/AppTheme">
        <activity
            android:name=".MainActivity"
            android:label="@string/app_name"
            android:exported="true"
            android:theme="@style/AppTheme.NoActionBar">
            <intent-filter>
                <action android:name="android.intent.action.MAIN" />

                <category android:name="android.intent.category.LAUNCHER" />
            </intent-filter>
        </activity>
		<provider android:authorities="com.facebook.app.FacebookContentProvider1190773967640883"
			android:name="com.facebook.FacebookContentProvider"
			android:exported="true" />
    </application>

</manifest>