<?xml version="1.0" encoding="utf-8"?>
<manifest xmlns:android="http://schemas.android.com/apk/res/android" package="com.example.kandroid">
    <application
            android:allowBackup="true"
            android:icon="@mipmap/ic_launcher"
            android:label="@string/app_name"
            android:roundIcon="@mipmap/ic_launcher_round"
            android:supportsRtl="true"
            android:theme="@style/AppTheme">
        <activity android:name=".MainActivity" android:label="@string/app_name" android:exported="true">        <!-- @violation-->
            <intent-filter>
                <action android:name="android.intent.action.MAIN" />
                <category android:name="android.intent.category.LAUNCHER" />
            </intent-filter>
        </activity>

        <provider
                android:name="androidx.core.content.FileProvider"
                android:authorities="com.example.myapp.fileprovider"
                android:grantUriPermissions="true"
                android:exported="true">                                                                        <!-- @violation-->
            <meta-data
                    android:name="android.support.FILE_PROVIDER_PATHS"
                    android:resource="@xml/filepaths" />
        </provider>

        <receiver android:name=".receiver.MyBroadCastReceiver" android:enabled="true" android:exported="true">  <!-- @violation-->
        </receiver>

        <receiver
            android:name=".BootReceiver"
            android:enabled="true"
            android:exported="false" >
            <intent-filter>
                <action android:name="android.intent.action.BOOT_COMPLETED" />
            </intent-filter>
        </receiver>

        <service android:name="AlarmService_service" android:exported="true"/>                                  <!-- @violation-->
        <service android:name="MessageService_service" android:exported="true"/>                                <!-- @violation-->
    </application>

</manifest>